[
   {
      "model":"auth.user",
      "pk":1,
      "fields":{
         "password":"pbkdf2_sha256$150000$wGWH2ypuMGs3$9fNYRvHrDAq2tylqr2s+krj+9sSA7wIl6+B+ywmc8ek=",
         "last_login":"2020-05-28T18:34:13Z",
         "is_superuser":true,
         "username":"tester1",
         "first_name":"Anneli",
         "last_name":"Administrator",
         "email":"tester1@example.com",
         "is_staff":true,
         "is_active":true,
         "date_joined":"2020-05-26T21:35:29Z",
         "groups":[
            4
         ],
         "user_permissions":[

         ]
      }
   },
   {
      "model":"auth.user",
      "pk":2,
      "fields":{
         "password":"pbkdf2_sha256$150000$wGWH2ypuMGs3$9fNYRvHrDAq2tylqr2s+krj+9sSA7wIl6+B+ywmc8ek=",
         "last_login":null,
         "is_superuser":false,
         "username":"tester2",
         "first_name":"Tero",
         "last_name":"Testaaja",
         "email":"tester2@example.com",
         "is_staff":false,
         "is_active":true,
         "date_joined":"2020-05-26T21:35:29.320Z",
         "groups":[

         ],
         "user_permissions":[

         ]
      }
   },
   {
      "model":"auth.user",
      "pk":3,
      "fields":{
         "password":"pbkdf2_sha256$150000$wGWH2ypuMGs3$9fNYRvHrDAq2tylqr2s+krj+9sSA7wIl6+B+ywmc8ek=",
         "last_login":"2020-05-28T13:04:39.064Z",
         "is_superuser":false,
         "username":"tester3",
         "first_name":"Teppo",
         "last_name":"Testaaja",
         "email":"tester3@example.com",
         "is_staff":false,
         "is_active":true,
         "date_joined":"2020-05-27T08:43:44Z",
         "groups":[

         ],
         "user_permissions":[

         ]
      }
   },
   {
      "model":"auth.user",
      "pk":4,
      "fields":{
         "password":"pbkdf2_sha256$150000$wGWH2ypuMGs3$9fNYRvHrDAq2tylqr2s+krj+9sSA7wIl6+B+ywmc8ek=",
         "last_login":"2020-05-28T13:04:39.064Z",
         "is_superuser":false,
         "username":"tester4",
         "first_name":"Kalle",
         "last_name":"Kaskinen",
         "email":"tester4@example.com",
         "is_staff":false,
         "is_active":true,
         "date_joined":"2020-05-27T08:43:44Z",
         "groups":[

         ],
         "user_permissions":[

         ]
      }
   },
   {
      "model":"auth.user",
      "pk":5,
      "fields":{
         "password":"pbkdf2_sha256$150000$wGWH2ypuMGs3$9fNYRvHrDAq2tylqr2s+krj+9sSA7wIl6+B+ywmc8ek=",
         "last_login":"2020-05-28T13:04:39.064Z",
         "is_superuser":false,
         "username":"tester5",
         "first_name":"Matti",
         "last_name":"Meikäläinen",
         "email":"tester5@example.com",
         "is_staff":false,
         "is_active":true,
         "date_joined":"2020-05-27T08:43:44Z",
         "groups":[

         ],
         "user_permissions":[

         ]
      }
   },
   {
      "model":"auth.user",
      "pk":6,
      "fields":{
         "password":"pbkdf2_sha256$150000$wGWH2ypuMGs3$9fNYRvHrDAq2tylqr2s+krj+9sSA7wIl6+B+ywmc8ek=",
         "last_login":"2020-05-28T13:04:39.064Z",
         "is_superuser":false,
         "username":"tester6",
         "first_name":"Antti",
         "last_name":"Antikainen",
         "email":"tester6@example.com",
         "is_staff":false,
         "is_active":true,
         "date_joined":"2020-05-27T08:43:44Z",
         "groups":[

         ],
         "user_permissions":[

         ]
      }
   },
   {
      "model":"auth.user",
      "pk":7,
      "fields":{
         "password":"pbkdf2_sha256$150000$wGWH2ypuMGs3$9fNYRvHrDAq2tylqr2s+krj+9sSA7wIl6+B+ywmc8ek=",
         "last_login":"2020-05-28T13:04:39.064Z",
         "is_superuser":false,
         "username":"tester7",
         "first_name":"Helmi",
         "last_name":"Helminen",
         "email":"tester7@example.com",
         "is_staff":false,
         "is_active":true,
         "date_joined":"2020-05-27T08:43:44Z",
         "groups":[

         ],
         "user_permissions":[

         ]
      }
   },
   {
      "model":"auth.user",
      "pk":8,
      "fields":{
         "password":"pbkdf2_sha256$150000$wGWH2ypuMGs3$9fNYRvHrDAq2tylqr2s+krj+9sSA7wIl6+B+ywmc8ek=",
         "last_login":"2020-05-28T13:04:39.064Z",
         "is_superuser":false,
         "username":"tester8",
         "first_name":"Seppo",
         "last_name":"Sepponen",
         "email":"tester8@example.com",
         "is_staff":false,
         "is_active":true,
         "date_joined":"2020-05-27T08:43:44Z",
         "groups":[

         ],
         "user_permissions":[

         ]
      }
   },
   {
      "model":"auth.user",
      "pk":9,
      "fields":{
         "password":"pbkdf2_sha256$150000$wGWH2ypuMGs3$9fNYRvHrDAq2tylqr2s+krj+9sSA7wIl6+B+ywmc8ek=",
         "last_login":"2020-05-28T13:04:39.064Z",
         "is_superuser":false,
         "username":"tester9",
         "first_name":"Teppo",
         "last_name":"Teppola",
         "email":"tester9@example.com",
         "is_staff":false,
         "is_active":true,
         "date_joined":"2020-05-27T08:43:44Z",
         "groups":[

         ],
         "user_permissions":[

         ]
      }
   },
   {
      "model":"auth.user",
      "pk":10,
      "fields":{
         "password":"pbkdf2_sha256$150000$wGWH2ypuMGs3$9fNYRvHrDAq2tylqr2s+krj+9sSA7wIl6+B+ywmc8ek=",
         "last_login":"2020-05-28T13:04:39.064Z",
         "is_superuser":false,
         "username":"tester10",
         "first_name":"Seppo",
         "last_name":"Räty",
         "email":"tester10@example.com",
         "is_staff":false,
         "is_active":true,
         "date_joined":"2020-05-27T08:43:44Z",
         "groups":[

         ],
         "user_permissions":[

         ]
      }
   },
   {
      "model":"news.post",
      "pk":1,
      "fields":{
         "title":"asdf",
         "content":"asdf",
         "date_posted":"2020-05-26T21:38:07Z",
         "author":1
      }
   },
   {
      "model":"news.post",
      "pk":2,
      "fields":{
         "title":"asdfasfd",
         "content":"asfd",
         "date_posted":"2020-05-26T21:38:16Z",
         "author":2
      }
   },
   {
      "model":"news.post",
      "pk":3,
      "fields":{
         "title":"asadf33",
         "content":"asdf1",
         "date_posted":"2020-05-26T21:38:27Z",
         "author":3
      }
   },
   {
      "model":"news.post",
      "pk":4,
      "fields":{
         "title":"asdf3233",
         "content":"afdsfa",
         "date_posted":"2020-05-26T21:38:38Z",
         "author":4
      }
   },
   {
      "model":"news.post",
      "pk":5,
      "fields":{
         "title":"asdf23234",
         "content":"fasdf1",
         "date_posted":"2020-05-26T21:38:45Z",
         "author":5
      }
   },
   {
      "model":"news.post",
      "pk":6,
      "fields":{
         "title":"sdfa23",
         "content":"fasdf",
         "date_posted":"2020-05-26T21:38:54Z",
         "author":6
      }
   },
   {
      "model":"news.post",
      "pk":7,
      "fields":{
         "title":"asdf",
         "content":"asdf",
         "date_posted":"2020-05-26T21:39:26.182Z",
         "author":7
      }
   },
   {
      "model":"news.post",
      "pk":8,
      "fields":{
         "title":"df23",
         "content":"2342",
         "date_posted":"2020-05-26T21:39:31.929Z",
         "author":8
      }
   },
   {
      "model":"news.post",
      "pk":9,
      "fields":{
         "title":"fasdfa",
         "content":"34234",
         "date_posted":"2020-05-26T21:39:36.102Z",
         "author":9
      }
   },
   {
      "model":"news.post",
      "pk":10,
      "fields":{
         "title":"Lukuvuoden p\u00e4\u00e4tt\u00e4j\u00e4iset",
         "content":"P\u00e4\u00e4tt\u00e4j\u00e4iset j\u00e4rjestet\u00e4\u00e4n juhlasalissa",
         "date_posted":"2020-05-26T21:39:40Z",
         "author":10
      }
   },
   {
      "model":"news.post",
      "pk":11,
      "fields":{
         "title":"Musiikkiluokan kalustoa uusittu",
         "content":"Uudet rummut ja piano",
         "date_posted":"2020-05-26T21:39:44Z",
         "author":1
      }
   },
   {
      "model":"news.post",
      "pk":12,
      "fields":{
         "title":"Koulun keitt\u00e4j\u00e4 el\u00e4kkeelle",
         "content":"Sirpa siirtyy el\u00e4kkeelle 31.7.",
         "date_posted":"2020-05-26T21:40:00Z",
         "author":2
      }
   },
   {
      "model":"news.post",
      "pk":13,
      "fields":{
         "title":"Harrastoimintaa",
         "content":"Urheilukerho j\u00e4rjest\u00e4\u00e4 jalkapalloa j\u00e4lleen",
         "date_posted":"2020-05-26T21:40:04Z",
         "author":9
      }
   },
   {
      "model":"news.post",
      "pk":14,
      "fields":{
         "title":"Koulun aukioloajat muuttuu",
         "content":"Ovet suljetaan iltaisin harrastustoiminnan loputtua 19:00",
         "date_posted":"2020-05-26T21:40:12Z",
         "author":8
      }
   },
   {
      "model":"messaging.message",
      "pk":1,
      "fields":{
         "sender":1,
         "title":"Luvaton poissaolo",
         "content":"My message",
         "is_read":true,
         "date_posted":"2020-05-01T13:21:49.237Z",
         "recipients":[
            1
         ]
      }
   },
   {
      "model":"messaging.message",
      "pk":2,
      "fields":{
         "sender":1,
         "title":"Tiedoksi luokan 2c vanhemmille",
         "content":"My message",
         "is_read":true,
         "date_posted":"2020-05-02T13:22:22.336Z",
         "recipients":[
            2
         ]
      }
   },
   {
      "model":"messaging.message",
      "pk":3,
      "fields":{
         "sender":1,
         "title":"Luokkaretken rahoitus",
         "content":"My message",
         "is_read":true,
         "date_posted":"2020-05-03T13:22:37.656Z",
         "recipients":[
            3
         ]
      }
   },
   {
      "model":"messaging.message",
      "pk":4,
      "fields":{
         "sender":1,
         "title":"Matematiikan lisätehtäviä",
         "content":"My message",
         "is_read":true,
         "date_posted":"2020-05-04T13:23:00.734Z",
         "recipients":[
            2
         ]
      }
   },
   {
      "model":"messaging.message",
      "pk":5,
      "fields":{
         "sender":1,
         "title":"Poistuminen koulun alueelta välitunnilla",
         "content":"My message",
         "is_read":true,
         "date_posted":"2020-05-05T13:23:15.578Z",
         "recipients":[
            1,
            2,
            3
         ]
      }
   },
   {
      "model":"messaging.message",
      "pk":6,
      "fields":{
         "sender":2,
         "title":"Tiedoksi vanhemmille",
         "content":"My message",
         "is_read":true,
         "date_posted":"2020-05-06T13:23:15.578Z",
         "recipients":[
            1,
            2,
            3
         ]
      }
   },
   {
      "model":"messaging.message",
      "pk":7,
      "fields":{
         "sender":2,
         "title":"Koulukirjojen hankinta",
         "content":"My message",
         "is_read":true,
         "date_posted":"2020-05-07T13:23:15.578Z",
         "recipients":[
            1,
            2,
            3
         ]
      }
   },
   {
      "model":"messaging.message",
      "pk":8,
      "fields":{
         "sender":3,
         "title":"Jälki-istunto",
         "content":"My message",
         "is_read":true,
         "date_posted":"2020-05-08T13:23:15.578Z",
         "recipients":[
            1,
            2,
            3
         ]
      }
   },
   {
      "model":"messaging.message",
      "pk":9,
      "fields":{
         "sender":3,
         "title":"Kysely vanhemmille",
         "content":"My message",
         "is_read":false,
         "date_posted":"2020-05-09T13:23:15.578Z",
         "recipients":[
            1,
            2,
            3
         ]
      }
   },
   {
      "model":"messaging.message",
      "pk":10,
      "fields":{
         "sender":3,
         "title":"Äidinkielen kokeen tulokset",
         "content":"My message",
         "is_read":false,
         "date_posted":"2020-05-10T13:23:15.578Z",
         "recipients":[
            1,
            2,
            3
         ]
      }
   },
   {
      "model":"users.profile",
      "pk":1,
      "fields":{
         "user":1,
         "image":"profile_pics/tester1_xjIlzJG.jpg"
      }
   },
   {
      "model":"users.profile",
      "pk":2,
      "fields":{
         "user":2,
         "image":"profile_pics/tester2_DpejGJZ.jpg"
      }
   },
   {
      "model":"users.profile",
      "pk":3,
      "fields":{
         "user":3,
         "image":"profile_pics/tester3_6pEPRgr.jpg"
      }
   },
   {
      "model":"users.profile",
      "pk":4,
      "fields":{
         "user":4,
         "image":"profile_pics/tester4_YukPLNG.jpg"
      }
   },
   {
      "model":"users.profile",
      "pk":5,
      "fields":{
         "user":5,
         "image":"profile_pics/tester5_8XgpYGh.jpg"
      }
   },
   {
      "model":"users.profile",
      "pk":6,
      "fields":{
         "user":6,
         "image":"profile_pics/tester6_YM1gbMf.jpg"
      }
   },
   {
      "model":"users.profile",
      "pk":7,
      "fields":{
         "user":7,
         "image":"profile_pics/tester7_TEoZTpC.jpg"
      }
   },
   {
      "model":"users.profile",
      "pk":8,
      "fields":{
         "user":8,
         "image":"profile_pics/tester8_vbIIPWN.jpg"
      }
   },
   {
      "model":"users.profile",
      "pk":9,
      "fields":{
         "user":9,
         "image":"profile_pics/tester9_bVYOByU.jpg"
      }
   },
   {
      "model":"users.profile",
      "pk":10,
      "fields":{
         "user":10,
         "image":"profile_pics/tester10_nM2kBiU.jpg"
      }
   },
   {
      "model":"auth.group",
      "pk":1,
      "fields":{
         "name":"teacher",
         "permissions":[

         ]
      }
   },
   {
      "model":"auth.group",
      "pk":2,
      "fields":{
         "name":"child",
         "permissions":[

         ]
      }
   },
   {
      "model":"auth.group",
      "pk":3,
      "fields":{
         "name":"parent",
         "permissions":[

         ]
      }
   },
   {
      "model":"auth.group",
      "pk":4,
      "fields":{
         "name":"staff",
         "permissions":[

         ]
      }
   },
   {
      "model":"polls.question",
      "pk":1,
      "fields":{
         "question_text":"Äänestä vanhempainyhdistyksen hallituksen j\u00e4seneksi",
         "pub_date":"2020-06-07T09:25:01Z"
      }
   },
   {
      "model":"polls.choice",
      "pk":1,
      "fields":{
         "question":1,
         "choice_text":"Seppo R\u00e4ty",
         "votes":0
      }
   },
   {
      "model":"polls.choice",
      "pk":2,
      "fields":{
         "question":1,
         "choice_text":"Teppo Testaaja",
         "votes":1
      }
   },
   {
      "model":"polls.choice",
      "pk":3,
      "fields":{
         "question":1,
         "choice_text":"Matti Meik\u00e4l\u00e4inen",
         "votes":0
      }
   }
]