[
   {
      "model":"users.customuser",
      "pk":2,
      "fields":{
         "password":"pbkdf2_sha256$150000$wGWH2ypuMGs3$9fNYRvHrDAq2tylqr2s+krj+9sSA7wIl6+B+ywmc8ek=",
         "last_login":null,
         "is_superuser":true,
         "username":"teacher1",
         "first_name":"Gracie",
         "last_name":"Armstrong",
         "email":"teacher1@qlma.fi",
         "is_staff":false,
         "is_active":true,
         "date_joined":"2020-05-26T21:35:29.320Z",
         "groups":[
            4
         ],
         "user_permissions":[

         ],
         "user_type": 2
      }
   },
   {
      "model":"users.customuser",
      "pk":3,
      "fields":{
         "password":"pbkdf2_sha256$150000$wGWH2ypuMGs3$9fNYRvHrDAq2tylqr2s+krj+9sSA7wIl6+B+ywmc8ek=",
         "last_login":"2020-05-28T13:04:39.064Z",
         "is_superuser":false,
         "username":"teacher2",
         "first_name":"Kyle",
         "last_name":"Watts",
         "email":"teacher2@qlma.fi",
         "is_staff":false,
         "is_active":true,
         "date_joined":"2020-05-27T08:43:44Z",
         "groups":[
            2
         ],
         "user_permissions":[

         ],
         "user_type": 2
      }
   },
   {
      "model":"users.customuser",
      "pk":4,
      "fields":{
         "password":"pbkdf2_sha256$150000$wGWH2ypuMGs3$9fNYRvHrDAq2tylqr2s+krj+9sSA7wIl6+B+ywmc8ek=",
         "last_login":"2020-05-28T13:04:39.064Z",
         "is_superuser":false,
         "username":"student1",
         "first_name":"Cameron",
         "last_name":"Hunter",
         "email":"student1@qlma.fi",
         "is_staff":false,
         "is_active":true,
         "date_joined":"2020-05-27T08:43:44Z",
         "groups":[
            2
         ],
         "user_permissions":[

         ],
         "user_type": 1
      }
   },
   {
      "model":"users.customuser",
      "pk":5,
      "fields":{
         "password":"pbkdf2_sha256$150000$wGWH2ypuMGs3$9fNYRvHrDAq2tylqr2s+krj+9sSA7wIl6+B+ywmc8ek=",
         "last_login":"2020-05-28T13:04:39.064Z",
         "is_superuser":false,
         "username":"student2",
         "first_name":"Kieran",
         "last_name":"Mitchell",
         "email":"student2@qlma.fi",
         "is_staff":false,
         "is_active":true,
         "date_joined":"2020-05-27T08:43:44Z",
         "groups":[
            2
         ],
         "user_permissions":[

         ],
         "user_type": 1
      }
   },
   {
      "model":"users.customuser",
      "pk":6,
      "fields":{
         "password":"pbkdf2_sha256$150000$wGWH2ypuMGs3$9fNYRvHrDAq2tylqr2s+krj+9sSA7wIl6+B+ywmc8ek=",
         "last_login":"2020-05-28T13:04:39.064Z",
         "is_superuser":false,
         "username":"student3",
         "first_name":"Thomas",
         "last_name":"Cox",
         "email":"student3@qlma.fi",
         "is_staff":false,
         "is_active":true,
         "date_joined":"2020-05-27T08:43:44Z",
         "groups":[
            2
         ],
         "user_permissions":[

         ],
         "user_type": 1
      }
   },
   {
      "model":"users.customuser",
      "pk":7,
      "fields":{
         "password":"pbkdf2_sha256$150000$wGWH2ypuMGs3$9fNYRvHrDAq2tylqr2s+krj+9sSA7wIl6+B+ywmc8ek=",
         "last_login":"2020-05-28T13:04:39.064Z",
         "is_superuser":false,
         "username":"parent1",
         "first_name":"Mauricio",
         "last_name":"Mooney",
         "email":"parent1@qlma.fi",
         "is_staff":false,
         "is_active":true,
         "date_joined":"2020-05-27T08:43:44Z",
         "groups":[
            3
         ],
         "user_permissions":[

         ],
         "user_type": 3
      }
   },
   {
      "model":"users.customuser",
      "pk":8,
      "fields":{
         "password":"pbkdf2_sha256$150000$wGWH2ypuMGs3$9fNYRvHrDAq2tylqr2s+krj+9sSA7wIl6+B+ywmc8ek=",
         "last_login":"2020-05-28T13:04:39.064Z",
         "is_superuser":false,
         "username":"cook1",
         "first_name":"Parker",
         "last_name":"Bryant",
         "email":"cook1@qlma.fi",
         "is_staff":false,
         "is_active":true,
         "date_joined":"2020-05-27T08:43:44Z",
         "groups":[
            3
         ],
         "user_permissions":[

         ],
         "user_type": 4
      }
   },
   {
      "model":"users.customuser",
      "pk":9,
      "fields":{
         "password":"pbkdf2_sha256$150000$wGWH2ypuMGs3$9fNYRvHrDAq2tylqr2s+krj+9sSA7wIl6+B+ywmc8ek=",
         "last_login":"2020-05-28T13:04:39.064Z",
         "is_superuser":false,
         "username":"cook2",
         "first_name":"Brooks",
         "last_name":"Bishop",
         "email":"cook2@qlma.fi",
         "is_staff":false,
         "is_active":true,
         "date_joined":"2020-05-27T08:43:44Z",
         "groups":[
            3
         ],
         "user_permissions":[

         ],
         "user_type": 4
      }
   },
   {
      "model":"users.customuser",
      "pk":10,
      "fields":{
         "password":"pbkdf2_sha256$150000$wGWH2ypuMGs3$9fNYRvHrDAq2tylqr2s+krj+9sSA7wIl6+B+ywmc8ek=",
         "last_login":"2020-05-28T13:04:39.064Z",
         "is_superuser":false,
         "username":"student4",
         "first_name":"Frank",
         "last_name":"Anderson",
         "email":"student4@qlma.fi",
         "is_staff":false,
         "is_active":true,
         "date_joined":"2020-05-27T08:43:44Z",
         "groups":[
            
         ],
         "user_permissions":[

         ],
         "user_type": 1
      }
   },
   {
      "model":"news.post",
      "pk":1,
      "fields":{
         "title":"School year is about to start",
         "content":"School year is starting again",
         "date_posted":"2020-05-26T21:38:07Z",
         "author":1
      }
   },
   {
      "model":"news.post",
      "pk":2,
      "fields":{
         "title":"Class room 4c is out of order this week",
         "content":"Walls are being repainted",
         "date_posted":"2020-05-26T21:38:16Z",
         "author":2
      }
   },
   {
      "model":"news.post",
      "pk":3,
      "fields":{
         "title":"Campaign to stop bullying",
         "content":"Campaign website is up",
         "date_posted":"2020-05-26T21:38:27Z",
         "author":3
      }
   },
   {
      "model":"news.post",
      "pk":4,
      "fields":{
         "title":"Introducing a new teacher",
         "content":"Jack Forrel has joined the team",
         "date_posted":"2020-05-26T21:38:38Z",
         "author":4
      }
   },
   {
      "model":"news.post",
      "pk":5,
      "fields":{
         "title":"All gym classes cancelled",
         "content":"The gymnastics hall ceiling is leaking",
         "date_posted":"2020-05-26T21:38:45Z",
         "author":5
      }
   },
   {
      "model":"news.post",
      "pk":6,
      "fields":{
         "title":"Mothers day special",
         "content":"Students will have one lesson to create a mothers day card",
         "date_posted":"2020-05-26T21:38:54Z",
         "author":6
      }
   },
   {
      "model":"news.post",
      "pk":7,
      "fields":{
         "title":"Sports during next semester",
         "content":"",
         "date_posted":"2020-05-26T21:39:26.182Z",
         "author":7
      }
   },
   {
      "model":"news.post",
      "pk":8,
      "fields":{
         "title":"New sports equipments have arrived",
         "content":"New basketballs and hockey sticks were purchased from AllDaySports",
         "date_posted":"2020-05-26T21:39:31.929Z",
         "author":8
      }
   },
   {
      "model":"news.post",
      "pk":9,
      "fields":{
         "title":"Teachers training day",
         "content":"School will be closed on this particular day",
         "date_posted":"2020-05-26T21:39:36.102Z",
         "author":9
      }
   },
   {
      "model":"news.post",
      "pk":10,
      "fields":{
         "title":"School year closing ceremony",
         "content":"The closing ceremony will be held in the ballroom",
         "date_posted":"2020-05-26T21:39:40Z",
         "author":10
      }
   },
   {
      "model":"news.post",
      "pk":11,
      "fields":{
         "title":"New music class equipment",
         "content":"New drums and piano arrived",
         "date_posted":"2020-05-26T21:39:44Z",
         "author":1
      }
   },
   {
      "model":"news.post",
      "pk":12,
      "fields":{
         "title":"School cook retired",
         "content":"Our beloved Annie is retiring",
         "date_posted":"2020-05-26T21:40:00Z",
         "author":2
      }
   },
   {
      "model":"news.post",
      "pk":13,
      "fields":{
         "title":"Hobbies operations",
         "content":"The sports club is organizing football again",
         "date_posted":"2020-05-26T21:40:04Z",
         "author":9
      }
   },
   {
      "model":"news.post",
      "pk":14,
      "fields":{
         "title":"School opening hours are changing",
         "content":"The doors close in the evenings at 19:00",
         "date_posted":"2020-05-26T21:40:12Z",
         "author":8
      }
   },
   {
      "model":"messaging.message",
      "pk":1,
      "fields":{
         "sender":1,
         "title":"Unauthorized absence",
         "content":"Dear madame. I am sorry to inform you that your child Matt has been skipping lessons again.",
         "is_read":true,
         "date_posted":"2020-05-01T13:21:49.237Z",
         "recipients":[
            1
         ]
      }
   },
   {
      "model":"messaging.message",
      "pk":2,
      "fields":{
         "sender":1,
         "title":"Information for Class 4c parents",
         "content":"Classroom 4c is out of order during the next week. Teaching will take place in temporary classroom.",
         "is_read":true,
         "date_posted":"2020-05-02T13:22:22.336Z",
         "recipients":[
            2
         ]
      }
   },
   {
      "model":"messaging.message",
      "pk":3,
      "fields":{
         "sender":1,
         "title":"Funding for a school trip",
         "content":"The parents council is looking for new ways to collect funding.",
         "is_read":true,
         "date_posted":"2020-05-03T13:22:37.656Z",
         "recipients":[
            3
         ]
      }
   },
   {
      "model":"messaging.message",
      "pk":4,
      "fields":{
         "sender":1,
         "title":"Additional math tasks",
         "content":"Deadline for these tasks is next monday.",
         "is_read":true,
         "date_posted":"2020-05-04T13:23:00.734Z",
         "recipients":[
            2
         ]
      }
   },
   {
      "model":"messaging.message",
      "pk":5,
      "fields":{
         "sender":1,
         "title":"Leaving the school grounds at breaks",
         "content":"Leaving the school grounds at breaks is allowed only with a teacher´s permission.",
         "is_read":true,
         "date_posted":"2020-05-05T13:23:15.578Z",
         "recipients":[
            1,
            2,
            3
         ]
      }
   },
   {
      "model":"messaging.message",
      "pk":6,
      "fields":{
         "sender":2,
         "title":"Informing parents",
         "content":"Be aware of the discovered trend in our school. Children are spitting bubblegum everywhere inside the school premises.",
         "is_read":true,
         "date_posted":"2020-05-06T13:23:15.578Z",
         "recipients":[
            1,
            2,
            3
         ]
      }
   },
   {
      "model":"messaging.message",
      "pk":7,
      "fields":{
         "sender":2,
         "title":"Acquisition of school books",
         "content":"School books are on discount.",
         "is_read":true,
         "date_posted":"2020-05-07T13:23:15.578Z",
         "recipients":[
            1,
            2,
            3
         ]
      }
   },
   {
      "model":"messaging.message",
      "pk":8,
      "fields":{
         "sender":3,
         "title":"Detention",
         "content":"I am sorry to inform you that your child Matt has gotten detention this friday.",
         "is_read":true,
         "date_posted":"2020-05-08T13:23:15.578Z",
         "recipients":[
            1,
            2,
            3
         ]
      }
   },
   {
      "model":"messaging.message",
      "pk":9,
      "fields":{
         "sender":3,
         "title":"Survey for parents",
         "content":"Please fill in the survey here by friday.",
         "is_read":false,
         "date_posted":"2020-05-09T13:23:15.578Z",
         "recipients":[
            1,
            2,
            3
         ]
      }
   },
   {
      "model":"messaging.message",
      "pk":10,
      "fields":{
         "sender":3,
         "title":"Scores of the biology test",
         "content":"All scores can be viewed in the learning portal.",
         "is_read":false,
         "date_posted":"2020-05-10T13:23:15.578Z",
         "recipients":[
            1,
            2,
            3
         ]
      }
   },
   {
      "model":"users.profile",
      "pk":2,
      "fields":{
         "user":2,
         "image":"profile_pics/tester2_DpejGJZ.jpg"
      }
   },
   {
      "model":"users.profile",
      "pk":3,
      "fields":{
         "user":3,
         "image":"profile_pics/tester3_6pEPRgr.jpg"
      }
   },
   {
      "model":"users.profile",
      "pk":4,
      "fields":{
         "user":4,
         "image":"profile_pics/tester4_YukPLNG.jpg"
      }
   },
   {
      "model":"users.profile",
      "pk":5,
      "fields":{
         "user":5,
         "image":"profile_pics/tester5_8XgpYGh.jpg"
      }
   },
   {
      "model":"users.profile",
      "pk":6,
      "fields":{
         "user":6,
         "image":"profile_pics/tester6_YM1gbMf.jpg"
      }
   },
   {
      "model":"users.profile",
      "pk":7,
      "fields":{
         "user":7,
         "image":"profile_pics/tester7_TEoZTpC.jpg"
      }
   },
   {
      "model":"users.profile",
      "pk":8,
      "fields":{
         "user":8,
         "image":"profile_pics/tester8_vbIIPWN.jpg"
      }
   },
   {
      "model":"users.profile",
      "pk":9,
      "fields":{
         "user":9,
         "image":"profile_pics/tester9_bVYOByU.jpg"
      }
   },
   {
      "model":"users.profile",
      "pk":10,
      "fields":{
         "user":10,
         "image":"profile_pics/tester10_nM2kBiU.jpg"
      }
   },
   {
      "model":"auth.group",
      "pk":1,
      "fields":{
         "name":"1A",
         "permissions":[

         ]
      }
   },
   {
      "model":"auth.group",
      "pk":2,
      "fields":{
         "name":"1B",
         "permissions":[

         ]
      }
   },
   {
      "model":"auth.group",
      "pk":3,
      "fields":{
         "name":"2A",
         "permissions":[

         ]
      }
   },
   {
      "model":"auth.group",
      "pk":4,
      "fields":{
         "name":"2B",
         "permissions":[

         ]
      }
   },
   {
      "model":"polls.question",
      "pk":1,
      "fields":{
         "question_text":"Vote for a member of the board of the parents' association.",
         "pub_date":"2020-06-07T09:25:01Z"
      }
   },
   {
      "model":"polls.question",
      "pk":2,
      "fields":{
         "question_text":"Vote for a date for next parent's association meeting.",
         "pub_date":"2020-06-07T09:25:01Z"
      }
   },
   {
      "model":"polls.choice",
      "pk":1,
      "fields":{
         "question":1,
         "choice_text":"Denis Stark"
      }
   },
   {
      "model":"polls.choice",
      "pk":2,
      "fields":{
         "question":1,
         "choice_text":"Phyllis Cramer"
      }
   },
   {
      "model":"polls.choice",
      "pk":3,
      "fields":{
         "question":1,
         "choice_text":"Dan Flanders"
      }
   },
   {
      "model":"polls.choice",
      "pk":4,
      "fields":{
         "question":2,
         "choice_text":"Monday"
      }
   },
   {
      "model":"polls.choice",
      "pk":5,
      "fields":{
         "question":2,
         "choice_text":"Tuesday"
      }
   },
   {
      "model":"polls.choice",
      "pk":6,
      "fields":{
         "question":2,
         "choice_text":"Wednesday"
      }
   },
   {
      "model":"polls.vote",
      "pk":1,
      "fields":{
         "question": 1,
         "choice": 1,
         "voter": 2
      }
   },
   {
      "model":"polls.vote",
      "pk":2,
      "fields":{
         "question": 1,
         "choice": 2,
         "voter": 3
      }
   },
   {
      "model":"timetable.subject",
      "pk":1,
      "fields":{
         "subject_name":"Mathematics",
         "created_at":"2020-06-26T09:50:25.388Z",
         "updated_at":"2020-06-26T09:50:25.388Z"
      }
   },
   {
      "model":"timetable.subject",
      "pk":2,
      "fields":{
         "subject_name":"Geography",
         "created_at":"2020-06-26T09:50:28.032Z",
         "updated_at":"2020-06-26T09:50:28.032Z"
      }
   },
   {
      "model":"timetable.subject",
      "pk":3,
      "fields":{
         "subject_name":"Biology",
         "created_at":"2020-06-26T09:50:30.152Z",
         "updated_at":"2020-06-26T09:50:30.152Z"
      }
   },
   {
      "model":"timetable.subject",
      "pk":4,
      "fields":{
         "subject_name":"Chemistry",
         "created_at":"2020-06-26T09:50:33.143Z",
         "updated_at":"2020-06-26T09:50:33.143Z"
      }
   },
   {
      "model":"timetable.subject",
      "pk":5,
      "fields":{
         "subject_name":"Religion",
         "created_at":"2020-06-26T09:50:35.683Z",
         "updated_at":"2020-06-26T09:50:35.683Z"
      }
   },
   {
      "model":"timetable.subject",
      "pk":6,
      "fields":{
         "subject_name":"English",
         "created_at":"2020-06-26T09:50:38.449Z",
         "updated_at":"2020-06-26T09:50:38.449Z"
      }
   },
   {
      "model":"timetable.course",
      "pk":1,
      "fields":{
         "name":"Math 2",
         "subject_id":1,
         "staff_id":10,
         "created_at":"2020-06-26T09:56:24.278Z",
         "updated_at":"2020-06-26T09:56:24.278Z"
      }
   },
   {
      "model":"timetable.course",
      "pk":2,
      "fields":{
         "name":"Math 1",
         "subject_id":1,
         "staff_id":3,
         "created_at":"2020-06-26T10:50:11.946Z",
         "updated_at":"2020-06-26T10:50:11.946Z"
      }
   },
   {
      "model":"timetable.course",
      "pk":3,
      "fields":{
         "name":"Geo 1",
         "subject_id":2,
         "staff_id":3,
         "created_at":"2020-06-26T11:04:00.491Z",
         "updated_at":"2020-06-26T11:04:00.491Z"
      }
   },
   {
      "model":"timetable.course",
      "pk":4,
      "fields":{
         "name":"Geo 2",
         "subject_id":2,
         "staff_id":3,
         "created_at":"2020-06-26T11:04:10.951Z",
         "updated_at":"2020-06-26T11:04:10.951Z"
      }
   },
   {
      "model":"timetable.course",
      "pk":5,
      "fields":{
         "name":"Bio 1",
         "subject_id":3,
         "staff_id":3,
         "created_at":"2020-06-26T11:04:18.804Z",
         "updated_at":"2020-06-26T11:04:18.804Z"
      }
   },
   {
      "model":"timetable.course",
      "pk":6,
      "fields":{
         "name":"Bio 2",
         "subject_id":3,
         "staff_id":3,
         "created_at":"2020-06-26T11:04:22.740Z",
         "updated_at":"2020-06-26T11:04:22.740Z"
      }
   },
   {
      "model":"timetable.course",
      "pk":7,
      "fields":{
         "name":"Chem 1",
         "subject_id":4,
         "staff_id":2,
         "created_at":"2020-06-26T11:04:31.935Z",
         "updated_at":"2020-06-26T11:04:31.935Z"
      }
   },
   {
      "model":"timetable.course",
      "pk":8,
      "fields":{
         "name":"Chem 2",
         "subject_id":4,
         "staff_id":2,
         "created_at":"2020-06-26T11:04:39.421Z",
         "updated_at":"2020-06-26T11:04:39.421Z"
      }
   },
   {
      "model":"timetable.course",
      "pk":9,
      "fields":{
         "name":"Eng 1",
         "subject_id":6,
         "staff_id":3,
         "created_at":"2020-06-26T11:05:11.036Z",
         "updated_at":"2020-06-26T11:05:11.036Z"
      }
   },
   {
      "model":"timetable.course",
      "pk":10,
      "fields":{
         "name":"Swe 1",
         "subject_id":6,
         "staff_id":2,
         "created_at":"2020-06-26T11:05:23.252Z",
         "updated_at":"2020-06-26T11:05:23.252Z"
      }
   },
   {
      "model":"timetable.lesson",
      "pk":1,
      "fields":{
         "group_id":3,
         "course_id":5,
         "weekday":3,
         "starts_at":"08:15:00",
         "ends_at":"09:30:00"
      }
   },
   {
      "model":"timetable.lesson",
      "pk":2,
      "fields":{
         "group_id":2,
         "course_id":3,
         "weekday":2,
         "starts_at":"11:30:00",
         "ends_at":"12:30:00"
      }
   },
   {
      "model":"timetable.lesson",
      "pk":3,
      "fields":{
         "group_id":1,
         "course_id":3,
         "weekday":0,
         "starts_at":"08:00:00",
         "ends_at":"09:00:00"
      }
   },
   {
      "model":"timetable.lesson",
      "pk":4,
      "fields":{
         "group_id":4,
         "course_id":3,
         "weekday":0,
         "starts_at":"08:00:00",
         "ends_at":"09:00:00"
      }
   },
   {
      "model":"timetable.lesson",
      "pk":5,
      "fields":{
         "group_id":4,
         "course_id":2,
         "weekday":0,
         "starts_at":"09:00:00",
         "ends_at":"10:00:00"
      }
   },
   {
      "model":"timetable.lesson",
      "pk":6,
      "fields":{
         "group_id":4,
         "course_id":1,
         "weekday":0,
         "starts_at":"10:00:00",
         "ends_at":"11:00:00"
      }
   },
   {
      "model":"timetable.lesson",
      "pk":7,
      "fields":{
         "group_id":4,
         "course_id":2,
         "weekday":1,
         "starts_at":"10:00:00",
         "ends_at":"11:00:00"
      }
   },
   {
      "model":"timetable.lesson",
      "pk":8,
      "fields":{
         "group_id":4,
         "course_id":3,
         "weekday":1,
         "starts_at":"13:00:00",
         "ends_at":"14:00:00"
      }
   },
   {
      "model":"timetable.lesson",
      "pk":8,
      "fields":{
         "group_id":4,
         "course_id":3,
         "weekday":2,
         "starts_at":"09:00:00",
         "ends_at":"10:00:00"
      }
   },
   {
      "model":"timetable.lesson",
      "pk":9,
      "fields":{
         "group_id":4,
         "course_id":3,
         "weekday":3,
         "starts_at":"15:00:00",
         "ends_at":"16:00:00"
      }
   },
   {
      "model":"timetable.lesson",
      "pk":10,
      "fields":{
         "group_id":4,
         "course_id":4,
         "weekday":4,
         "starts_at":"10:00:00",
         "ends_at":"11:00:00"
      }
   }
]